product_id,category,subcategory,price,price_bucket,popularity,is_new,discount_pct,image_url
f563f82b-bd89-4fb9-8b01-ae96d797d2f4,electronics,cameras,648.84,4,0.0702,False,0,
6426f11d-fdc8-4662-b698-1ce7c05be2a2,electronics,tablets,450.55,3,0.1066,True,20,
362c6166-533c-452f-93bc-9905646d7f13,electronics,laptops,785.17,4,0.0854,False,0,
8c01c59f-f01a-4c11-a5a8-9446d383a53b,electronics,tablets,620.12,4,0.0988,False,20,
7b7737ec-224c-4938-a6bd-792062074079,electronics,smartphones,945.53,4,0.0781,False,10,
5b008253-df2c-4e89-ac29-b9b1b00d35cd,electronics,laptops,486.56,3,0.0171,False,0,
bb7bf5ff-989e-4321-86e5-9aad5b80e75c,electronics,laptops,823.46,4,0.0642,False,30,
ae1dbb1d-ec3a-40d8-a90a-7d938df6d996,electronics,smartphones,801.54,4,0.1161,True,30,
c1efafc7-b8f0-4bfb-abcf-89910b168f59,electronics,tablets,457.5,3,0.123,False,0,
56d8fe66-574c-4302-99ca-a6ccfadec344,electronics,tablets,386.43,3,0.156,False,0,
c8f527ba-9595-499b-a872-bdcdfe78e57b,electronics,smartphones,908.05,4,0.0673,True,10,
5e649c02-15e5-47d3-b78b-32b08598fc66,electronics,smartphones,483.41,3,0.0604,False,0,
055d64b4-eb84-47c3-a904-92c6ccf527fd,electronics,tablets,1200.0,4,0.058,False,20,
0fe0e768-3c8a-4d46-b8ec-74ba1b81f124,electronics,laptops,1200.0,4,0.0677,False,0,
b0da92ec-7c41-478d-a6f4-8d56b5e0f906,electronics,smartphones,785.4,4,0.0669,False,0,
059da25b-b084-40df-a89d-3c21afcd0351,electronics,headphones,400.89,3,0.0986,True,10,
aed122ce-25ac-4a61-bc82-a808a6c246a8,electronics,tablets,766.12,4,0.0713,False,10,
9460efa9-42a8-4117-bd70-4f3324ec31ca,electronics,tablets,567.96,4,0.086,False,0,
c19f8e24-1378-4e74-8cce-bf5c634c6461,electronics,cameras,996.02,4,0.0843,False,0,
a38b8555-34fa-45b4-8cd6-8150faad2240,electronics,tablets,417.49,3,0.0979,False,0,
0b767d58-43a2-4cae-bae0-b68ae41e3429,electronics,cameras,261.39,3,0.1064,False,0,
ef96f79c-1b60-4d6d-95fa-3b5604a49728,electronics,smartphones,1200.0,4,0.0424,False,30,
1a918670-4a49-41e1-af97-0037fb589bbb,electronics,smartphones,721.77,4,0.0699,False,0,
39067f78-7e4d-49fd-9133-f0bc9b35cce6,electronics,laptops,515.11,4,0.0653,False,0,
1e12e9fa-0392-4c50-8817-7322a76df5ae,electronics,laptops,1200.0,4,0.0963,False,20,
f2314d6c-d34d-4c3c-85ea-118ac0f10c99,electronics,headphones,605.06,4,0.0619,True,0,
8270db65-0be1-4737-b791-892468be12bd,electronics,tablets,629.45,4,0.0528,False,0,
f719f942-784d-4d37-bda1-3c353cd86f80,electronics,cameras,1094.94,4,0.0631,True,0,
68217f8d-34c1-4c80-821c-e1cd9c48ca7b,electronics,smartphones,603.72,4,0.0257,False,0,
58ae1a7b-ca38-4f6d-b93b-5f535189ae2b,electronics,tablets,475.49,3,0.1055,False,10,
f69d3b8e-5b86-4218-a786-33a3987e1bb3,electronics,tablets,950.65,4,0.0757,False,0,
100fac4b-a321-43c4-a7c8-59dd7e511b81,electronics,cameras,359.17,3,0.0806,True,0,
318e8f52-550f-4a0a-ae41-bc86e8545ba7,electronics,tablets,783.54,4,0.0727,False,10,
c4168e15-91c3-46f6-81f1-a15c4802f370,electronics,tablets,526.56,4,0.1071,False,0,
69de5ea6-3d03-472e-ab3c-3efa7e638d13,electronics,headphones,618.9,4,0.0735,False,0,
c1b1b9fc-f8f8-47cc-a4d8-a1fa41790506,electronics,smartphones,1200.0,4,0.0786,False,0,
9510f533-4270-4744-98ac-3b7485150295,electronics,cameras,359.33,3,0.0694,True,0,
06bf7589-e81c-4779-9e9d-144d23061c65,electronics,cameras,797.92,4,0.0556,False,0,
01e68318-28bf-4f76-9356-0bfeff778de3,electronics,tablets,379.44,3,0.0771,False,30,
9b1bb6b9-3d3b-4cce-9adb-e8458a0b4767,electronics,cameras,825.63,4,0.1272,False,0,
b7e828d7-ba83-4459-a011-df6681852f7f,electronics,cameras,1200.0,4,0.0833,False,0,
4e117391-1d8f-43a8-82a4-347193ddaf94,electronics,cameras,430.4,3,0.0675,False,0,
f05c277e-45a9-4c3c-b2ef-a7fad051195e,electronics,laptops,899.93,4,0.0798,False,20,
6d6d7ddd-e714-4f81-afd8-77a92f15490b,electronics,laptops,497.85,3,0.0726,False,30,
aa524f2c-1614-4284-aa27-5e49ceb1d0a3,electronics,laptops,1200.0,4,0.0261,False,10,
a49d089a-1312-4f81-ade6-fe82cd9fca28,electronics,smartphones,507.68,4,0.0805,False,0,
cd5efb59-667d-461a-84be-1614706c77ad,electronics,cameras,842.86,4,0.0746,False,10,
00ead53e-8279-4dd0-b6b5-9a7cd24e204f,electronics,cameras,355.36,3,0.0679,False,30,
c04b3718-9967-4c58-89f0-7ea3d929fa31,electronics,cameras,721.16,4,0.0669,False,30,
d683d897-72a8-494e-8752-4b68f158aab2,electronics,headphones,413.55,3,0.0766,False,30,
2ab7629f-b73b-4f99-a862-b4fff62d70de,electronics,laptops,725.54,4,0.0919,False,0,
4397e867-2d44-4945-89bb-1e7455eb7226,electronics,cameras,671.27,4,0.063,False,30,
a4dfb7ec-ecb3-486c-bb38-df5c218ab78d,electronics,cameras,1200.0,4,0.0918,False,0,
e87c830c-ef96-4d00-a5da-fb3bbd4de1ce,electronics,smartphones,1200.0,4,0.0451,False,20,
80232b55-500a-4260-a9da-6fdf22b51125,electronics,smartphones,942.72,4,0.0705,True,0,
b9bd29c9-4673-4673-ac0a-a02617b5570f,electronics,tablets,434.13,3,0.1179,False,0,
c2560377-4e75-4ba8-b6c2-c81d24d746f4,electronics,tablets,522.59,4,0.047,False,30,
76fce736-502b-430d-aa39-d7a4f14db072,electronics,cameras,457.13,3,0.0683,False,10,
ed1e3c4d-1643-4507-aba7-35590bb9fe9d,electronics,laptops,686.23,4,0.0893,False,0,
88d246d8-abe2-493d-9f91-6a76745152a6,electronics,tablets,350.9,3,0.046,False,0,
abd9fd7a-dfb3-418c-bdc6-d0f23b00859b,electronics,headphones,701.4,4,0.0618,False,30,
1b598426-065d-4dfa-aab0-234f1b19d2cb,electronics,laptops,872.87,4,0.0264,True,10,
c560affc-29d9-4716-b6be-573dff7daccd,electronics,headphones,700.73,4,0.0917,False,0,
fad0b8c5-2d5c-4833-9a7e-a4b4e78e51cb,electronics,cameras,633.8,4,0.0811,True,20,
d2a4e2e0-1bff-4133-99d0-28c3d6c4f56e,electronics,headphones,349.02,3,0.0657,False,20,
1a90e1ad-7160-459d-b134-109f08288967,electronics,tablets,472.2,3,0.0721,False,30,
2feee12b-e3e9-4f32-945c-5738b304daa7,electronics,laptops,887.72,4,0.1174,True,0,
7b04c36c-155b-4185-9235-40edf6a8b7be,electronics,laptops,537.35,4,0.0684,False,0,
5220c28d-8cec-4913-995b-0530abd1ff1c,electronics,tablets,739.58,4,0.0926,True,30,
78a1c00b-22e7-4402-bd88-387b05400b52,electronics,tablets,540.38,4,0.0313,False,0,
110123cc-adf1-46a8-b40a-a8eac9cde2fc,electronics,smartphones,816.35,4,0.0923,False,10,
77d33ef1-664d-4de2-9bf4-34fea2c4a4ff,electronics,headphones,299.48,3,0.1102,True,0,
4c9d14b1-bf49-43c8-b9ab-647f4ee7bf96,electronics,headphones,336.36,3,0.0666,False,20,
8fa70877-75a5-4049-8e8c-d8e3e7b2d4bb,electronics,tablets,437.67,3,0.0841,False,0,
cc606855-80a5-4306-a56f-b14719dc6110,electronics,laptops,917.56,4,0.0521,False,0,
cc311de4-703c-492a-bdbb-1788af37444f,electronics,cameras,636.95,4,0.0689,False,30,
7aac0c5b-d310-4f9c-a74c-6dce9b50e641,electronics,laptops,522.69,4,0.0223,False,10,
4044c49c-c1cb-4222-8d57-d57b162d60e7,electronics,tablets,330.17,3,0.1044,False,10,
2ca895b6-eeb4-41a7-9415-14263163b675,electronics,smartphones,670.91,4,0.0625,False,10,
42d9f161-4cad-48a5-8124-cae792fbef63,electronics,headphones,437.73,3,0.0724,False,0,
201eacf6-6666-4f7b-bcfd-4d7033fc5dc1,electronics,laptops,876.07,4,0.1001,True,0,
374fb514-ccd7-4e69-9cd1-610e9a53e503,electronics,laptops,355.44,3,0.0634,True,20,
bc2ab07e-269e-4b03-a38e-da80db667867,electronics,smartphones,942.79,4,0.0756,False,0,
5c0f0bbe-5b46-4746-bfd5-fe4ad3791c2d,electronics,laptops,639.84,4,0.0954,False,30,
87804d45-4546-43b2-a070-8952e2a445cd,electronics,cameras,1200.0,4,0.0559,True,0,
bb8a0f28-a3dc-40c4-81c2-cf6ed2869fe8,electronics,smartphones,876.81,4,0.0758,False,0,
6e38544f-0205-40dc-8d98-b4735f91dd3d,electronics,headphones,387.85,3,0.071,False,0,
97660803-c079-46ee-a251-27f2d7f7b825,electronics,tablets,1200.0,4,0.055,False,10,
3c561967-fe8f-4571-a5fa-fdf73e51d3e6,electronics,tablets,422.41,3,0.0487,True,0,
244d2f77-6f6b-489c-b0ef-581fa4883092,electronics,headphones,1200.0,4,0.0336,False,0,
a3981539-a638-4d73-95ca-204873a0e5f7,electronics,headphones,493.02,3,0.0683,False,30,
fa9c732a-c65c-4369-a5c0-2939856c0fa5,electronics,laptops,588.41,4,0.0859,True,0,
4e683992-a5c4-4c60-8843-43c3287ae30a,electronics,smartphones,667.46,4,0.0741,False,0,
5648d07e-6b03-489f-b424-5818597d668d,electronics,smartphones,519.26,4,0.0978,False,10,
6c558adc-3146-4123-bdb3-deea9bce347b,electronics,smartphones,717.8,4,0.1147,False,0,
d0b3c17f-c2d7-43e0-8755-f504ffa64d6f,electronics,smartphones,834.95,4,0.0422,False,20,
200cdf80-3b95-4d37-aa9e-47ab10ece19c,electronics,laptops,708.46,4,0.0698,False,30,
014d37cd-2076-4c5f-912f-908cf66c167b,electronics,tablets,388.87,3,0.0733,False,0,
be72860f-65cd-40b1-8fc0-22a0859b464f,electronics,laptops,668.79,4,0.0893,False,0,
69c9a7e3-a03d-4117-8849-626e808d0fa4,electronics,cameras,733.37,4,0.0656,False,0,
4991a7cc-1c19-4cd1-a876-f21c954cb93b,electronics,headphones,533.88,4,0.01,False,10,
6029c031-fd2c-4f00-a9ea-b10b711946f6,electronics,cameras,1200.0,4,0.0735,True,0,
e45644aa-98fc-4801-8736-76e51c260537,electronics,laptops,800.16,4,0.1006,False,30,
497cc0bf-3a44-4202-8222-a0eac4aca038,electronics,cameras,939.76,4,0.0858,True,30,
50178acb-a2ab-426b-b702-57f0e68c5c14,electronics,cameras,598.76,4,0.0949,False,0,
16b200bb-8923-44c8-833b-71478efe40d5,electronics,laptops,414.5,3,0.1203,False,0,
981774ea-79b0-40fd-ab4f-a7d419201653,electronics,cameras,521.48,4,0.0622,False,30,
7409b78f-4810-4503-b87e-1c4cc4e79721,electronics,laptops,524.42,4,0.0756,True,20,
5a4cf7ba-107e-4b50-81c8-c97d9b1554b2,fashion,shoes,217.19,3,0.1453,False,0,
91812430-cf10-4e28-a25f-0328c93e0102,fashion,shoes,160.12,2,0.1609,False,0,
600bf1e7-c220-4c11-bb36-6d56f9019b6e,fashion,shoes,176.93,2,0.1971,False,30,
ebff756b-03c0-4f5f-9e98-c8c1b7f0ecaa,fashion,jewelry,166.67,2,0.1237,False,0,
2c58d5b7-9bce-4fb8-8b98-82747f7c96d8,fashion,shoes,169.43,2,0.1247,False,0,
205e5746-8f81-4e47-bf91-e9019f3fa17e,fashion,clothing,175.03,2,0.1198,False,0,
2f6cc6a2-b249-4a04-882e-d92c943d6610,fashion,jewelry,114.59,2,0.1149,False,30,
8e9e4907-a946-4f52-9883-cd97a047690d,fashion,accessories,281.47,3,0.1766,False,0,
c22e5e8e-94a0-4876-bba1-0e32f2cfd15a,fashion,clothing,68.47,1,0.175,False,20,
5b2f49a3-f861-4fc0-8cf7-937cb3a7ffa7,fashion,accessories,143.48,2,0.1739,False,10,
94a6effc-2991-4822-b22d-c9254bc4a5f7,fashion,accessories,128.27,2,0.0851,False,0,
02d8a83a-db0f-4014-a465-54509af920c3,fashion,jewelry,275.17,3,0.059,False,0,
292f4a95-1672-41e0-a7fc-93af6740009f,fashion,shoes,154.71,2,0.0804,False,10,
3b878da6-4619-4ab1-8962-f3b61da2257b,fashion,jewelry,231.19,3,0.1371,False,0,
63e31821-71c0-4a1a-a13b-8a50217adfe5,fashion,shoes,201.92,3,0.0827,False,30,
99535af9-c5f5-4a97-a646-3665a671ae59,fashion,clothing,82.76,2,0.0962,False,20,
e2fe9cb8-a850-490e-9ab1-81aba2f1b773,fashion,accessories,205.57,3,0.1019,False,20,
bd03f82c-cbae-4e06-b18e-9dcecda237c6,fashion,clothing,127.36,2,0.1443,False,0,
749d7f19-cbd4-407f-9dc1-b4e106877b3c,fashion,clothing,102.38,2,0.085,False,0,
d2d3b74f-0e38-4ccd-aa77-e7f3468a337b,fashion,clothing,121.79,2,0.1394,True,0,
bae1b88e-3f65-4992-bd75-69b98ccfdd6b,fashion,jewelry,187.32,2,0.1967,False,0,
07cb233e-7959-4d29-9a4f-0042052a536b,fashion,clothing,239.53,3,0.0934,False,20,
539096d7-20a0-436f-8860-90f4b529bfa6,fashion,shoes,178.28,2,0.0619,False,0,
71265ce8-dddd-44bb-8b5c-2d87e1959f9f,fashion,jewelry,146.4,2,0.1144,False,20,
226ae0df-e072-4159-8311-9c6d791e94ee,fashion,clothing,151.34,2,0.0936,False,30,
7e13a65b-dea1-4833-bbb9-11ca0863506f,fashion,accessories,225.39,3,0.1402,False,0,
fbad755d-e58b-4b09-b40d-c4f80114b951,fashion,jewelry,217.41,3,0.0905,True,0,
23b580fe-4a09-4bed-8786-c4551875d24e,fashion,clothing,108.33,2,0.1351,False,30,
d84fb762-a8ef-47ab-9674-98a95e69292c,fashion,clothing,171.16,2,0.122,False,10,
3703fc41-fe55-462b-a6b9-8f457ffdf00d,fashion,shoes,110.25,2,0.1345,False,30,
0ce8e24a-e288-424d-9f61-300d15621245,fashion,accessories,201.9,3,0.1538,False,10,
c57a83a6-a589-4578-a5fb-07b20ef806f6,fashion,jewelry,125.36,2,0.1111,True,10,
67dbb1c1-434a-409b-83c8-ee29d5294303,fashion,shoes,105.71,2,0.116,False,0,
37b1dd1d-dadb-4ee2-930b-31b81bef8a3b,fashion,shoes,159.91,2,0.0852,False,30,
141840fb-68e8-4f95-a67f-babd03910de7,fashion,accessories,208.49,3,0.1102,False,20,
3762d778-964e-4039-a807-1995f3c01824,fashion,shoes,147.43,2,0.1296,True,0,
93312a82-211f-4c20-be51-f76d60c5a037,fashion,clothing,154.27,2,0.1291,False,30,
bb3ca31a-634f-46cd-9205-4e0ef1201a2a,fashion,accessories,125.3,2,0.0698,False,20,
85380080-c756-4ad1-a0ae-ff331a76a082,fashion,clothing,133.69,2,0.1063,False,30,
3c1318bd-4423-484f-a2ef-50419a89538a,fashion,jewelry,167.62,2,0.1516,False,30,
71c83f87-71ef-47b0-b4ff-906d6c064df9,fashion,shoes,105.11,2,0.0653,False,0,
e8c175f2-8c14-4c50-ba35-09853ed3feb8,fashion,accessories,102.4,2,0.1472,False,30,
e249e181-67aa-4e3d-9c29-9d0fc3444bd8,fashion,jewelry,179.25,2,0.1181,False,0,
9da49e82-5f4d-41c0-bacd-06b5a839eb6e,fashion,shoes,199.06,2,0.1242,False,0,
85916b11-da53-4a50-911e-ddfe05bcb90e,fashion,jewelry,130.8,2,0.1642,False,30,
12dbf366-06ee-47a9-8ff5-8bac60634867,fashion,jewelry,175.62,2,0.0891,False,0,
90438ba6-a7fe-4655-91e6-a2db2cf739a7,fashion,jewelry,253.31,3,0.1659,False,10,
80526bc6-a772-4c52-a7ab-589c8fb0ed00,fashion,jewelry,232.06,3,0.1365,False,10,
927680d0-e722-49c9-80e3-388db0233309,fashion,jewelry,169.13,2,0.1291,False,0,
f2bb4edd-6bab-4b29-bca4-c45753c0d8ea,fashion,clothing,236.8,3,0.1675,False,0,
4ae598d0-2db2-4b86-aa5f-0d22ef5ec126,fashion,shoes,208.15,3,0.1075,False,0,
f2754da2-64f2-44e1-b812-cbb6ac05b795,fashion,jewelry,123.56,2,0.1266,False,0,
c6877c88-bd33-4604-b065-2fef7cb385bd,fashion,shoes,164.38,2,0.0986,False,0,
6db4c61a-0f46-4eba-a3c3-abaabedd4149,fashion,shoes,172.56,2,0.1615,False,0,
b71fed8e-6712-419c-9554-4078b7fc0d59,fashion,clothing,178.78,2,0.1218,True,20,
08358665-4a39-4834-bac6-68e32f58677f,fashion,shoes,130.14,2,0.1406,False,0,
4b5ab087-be8a-444b-8b79-345716b4192b,fashion,jewelry,103.75,2,0.1485,False,0,
5a27c0a1-b1de-4d8e-8897-bc09d8abb8cc,fashion,shoes,78.51,2,0.0986,True,0,
adb761e0-7193-45a8-8109-c6b2f7d86fe1,fashion,accessories,131.47,2,0.1036,True,20,
95c0a7f0-8cf0-479e-888a-ae4b4261986c,fashion,clothing,141.92,2,0.1437,False,0,
23a2e5e2-6421-4b00-b47f-28d03cba53d9,fashion,accessories,136.3,2,0.0928,False,0,
c3db30e8-805c-4374-a822-13b113bf0dd5,fashion,clothing,102.7,2,0.1379,False,0,
0be1c6e1-35dc-48a0-890e-e957a1f4cdc9,fashion,shoes,135.13,2,0.1396,False,0,
8550dde9-1cef-4f20-85dd-fe4aa34e931b,fashion,accessories,100.12,2,0.0555,False,0,
21591ead-aa87-41b4-8808-5b7b5408ac92,fashion,clothing,196.55,2,0.107,False,0,
cf02b0ba-6d1b-4a24-8d02-91f80f404699,fashion,clothing,134.89,2,0.1385,True,30,
6f90f1f2-f203-4696-a759-8fba9b5c04ad,fashion,jewelry,200.7,3,0.1255,True,0,
9f7a9f92-deb7-4391-b0ae-45488dc277d5,fashion,clothing,134.21,2,0.1142,False,30,
c14938b6-7f1b-4404-b011-ff29d96bb6c9,fashion,shoes,111.55,2,0.1194,False,30,
ccc95ad4-32f6-4ec8-bafb-163f81e921ac,fashion,jewelry,300.0,3,0.1281,False,20,
20222f4e-464c-4030-a4b9-0e2e7cfe5687,fashion,clothing,130.52,2,0.1506,False,0,
352a0491-6521-4816-b469-b4502aa9354a,fashion,jewelry,124.21,2,0.0864,False,0,
9e4a6751-17b7-4103-8051-4bb85940f418,fashion,clothing,133.59,2,0.0778,False,0,
29931ac4-e270-4b21-875c-b75ba627ba33,fashion,clothing,174.85,2,0.0959,False,30,
40be656d-454c-4f64-b97f-40358cf098b3,fashion,shoes,180.04,2,0.1374,False,0,
b82fa294-d8db-4fe5-9982-d10fc51d1c90,fashion,clothing,245.41,3,0.0977,False,20,
7f133673-1072-4b97-93e9-4b5fe69123f3,fashion,shoes,81.16,2,0.07,False,20,
ce5388bd-fb7b-40f6-a665-1a483097ed97,fashion,accessories,169.95,2,0.1365,True,30,
621638a8-d331-4e3c-ac0b-7279af5f2686,fashion,accessories,136.34,2,0.0963,False,0,
49620242-9891-4977-a773-149c801bce47,fashion,clothing,99.48,2,0.1605,False,20,
9ffab4bb-9731-46ca-b14a-d0fb89d55c6e,fashion,clothing,149.93,2,0.1255,False,20,
552fdfb1-ef8e-4350-8ae8-da752f295355,fashion,accessories,199.86,2,0.0713,True,0,
f2dd9cae-1a7b-4745-ae3a-8fb109785878,fashion,accessories,116.38,2,0.1349,False,0,
3f7f2aab-5854-4acd-8767-cae1afa47816,fashion,clothing,102.75,2,0.1123,False,20,
3cf77363-7bca-49a4-861a-97f7a9007201,fashion,jewelry,129.86,2,0.0995,False,0,
95268093-c4b7-46a6-84bc-9dc2b2777739,fashion,jewelry,102.36,2,0.1073,False,0,
54ca442d-c144-460d-b335-86d689851465,fashion,accessories,300.0,3,0.1559,False,20,
72d8edc2-9a4d-4f32-9523-307f7e1d54b7,fashion,jewelry,183.91,2,0.1179,False,0,
9b361d22-8e73-407f-804c-9970572b6e4e,fashion,shoes,172.93,2,0.0581,False,10,
7b514e04-0e44-43e9-adb5-39cd67030f47,fashion,shoes,103.18,2,0.1434,False,10,
132e523d-8314-4748-96cc-940dfd525e26,fashion,accessories,148.49,2,0.1091,False,0,
45a07ca9-09b2-41c9-91b7-b34424d2f11a,fashion,jewelry,253.63,3,0.0973,True,0,
5d5a16ae-0a6d-47d4-a3f8-6e571d0b4685,fashion,shoes,300.0,3,0.1353,False,0,
20e74560-a630-455e-b6ca-c23ffe2d6cdd,fashion,jewelry,266.17,3,0.1199,False,0,
8ffa4b77-e819-4b58-a2d3-79751af43e18,fashion,shoes,123.24,2,0.1717,True,0,
e76a76bb-2e3b-4d2a-81e8-61a55ddc9eb6,fashion,accessories,117.5,2,0.225,True,0,
e938ae81-eb17-4cae-9a15-fbfea6fbe515,fashion,accessories,177.67,2,0.1772,False,10,
8f7ed7bf-0988-40fa-9deb-f86bbe5fb9d2,fashion,jewelry,159.37,2,0.1698,False,30,
a051bb90-39f2-46ae-b284-0db7e1974086,fashion,clothing,141.32,2,0.1315,False,0,
1cf05888-8489-4de8-b890-29bdaeb4f649,fashion,shoes,180.63,2,0.1472,False,20,
6de4793b-96be-4352-a87b-15cf4a80609f,fashion,jewelry,84.24,2,0.068,False,0,
89a4e210-2fa8-4c3d-b560-38ccb141bdb1,fashion,jewelry,242.44,3,0.1303,True,0,
1d649158-5272-4adf-9ea8-ba82b9a48b58,fashion,accessories,124.26,2,0.0875,False,0,
bc63dc06-63df-40dd-acea-97d76f8ff192,fashion,accessories,219.26,3,0.1024,False,10,
10631845-c938-4467-9361-eabaffdc4ae0,fashion,jewelry,123.67,2,0.1078,False,0,
7fb14b79-8375-44a5-8b57-4d1c76ab91b2,fashion,clothing,143.83,2,0.1375,False,0,
2a7252f0-34c6-41fe-a2e0-125764b41fd4,fashion,jewelry,300.0,3,0.1376,False,0,
5a5c2602-0662-4138-b9d0-8cc884b0603a,fashion,clothing,64.22,1,0.1361,False,0,
b2d2ba9f-4f97-4508-9e73-b4424fb4e42f,fashion,shoes,208.37,3,0.1161,False,0,
823e335c-fddd-401f-85d0-c759d1994511,fashion,jewelry,227.48,3,0.1082,True,0,
e5c2619c-a487-4ace-8a1b-fefbcc13343e,fashion,shoes,137.21,2,0.0757,False,0,
e1dbb9b1-2a3d-42c6-bb49-3853c13cdc74,fashion,shoes,220.04,3,0.1216,False,10,
9c419f39-b8f8-4fc4-a942-4629fa658152,fashion,clothing,100.11,2,0.1566,False,10,
2fb377e5-5ae0-4f1a-b3d4-b08759fe6e08,fashion,accessories,99.99,2,0.1173,True,0,
53a0168a-240b-4737-8ed2-9c9cdd068c20,fashion,shoes,90.33,2,0.1503,False,20,
efce8c2e-8662-46f1-a55f-d569dbc79c3b,fashion,accessories,77.02,2,0.1129,False,30,
4b69bb60-22a4-4b07-9b84-45580f2464e2,fashion,shoes,126.15,2,0.0971,False,0,
771e3d27-25a2-4ff3-9730-6e12d67a133e,fashion,accessories,230.69,3,0.1494,False,30,
3b07b66c-9431-4afe-9878-1c963def7f82,fashion,accessories,252.7,3,0.1125,True,0,
0514b1d9-bd6b-4b82-bee8-99873d09a8f4,fashion,accessories,300.0,3,0.1175,False,30,
b2b2fc25-cee2-448b-b4f8-a8979273b8ea,fashion,accessories,72.33,1,0.1526,False,0,
7b7c6a62-77dd-4f18-950e-1da4bc7d24d2,fashion,accessories,93.96,2,0.0945,True,10,
e5e8abf0-1a1d-449f-a825-292ef4c0efe6,fashion,accessories,142.19,2,0.1099,False,0,
0f02552b-3ca8-4ebf-8d83-0aed463ff032,fashion,jewelry,165.08,2,0.1825,True,30,
8e782840-b5f4-42be-9df8-6dfa6e4afd64,fashion,accessories,173.78,2,0.1707,False,0,
50c1e2a1-09e5-4c95-a09b-13f29c4e76fb,fashion,shoes,114.05,2,0.1394,False,30,
e2e41b58-20e0-4c7f-9b3c-1dca0babd773,fashion,accessories,106.97,2,0.1234,False,30,
cf308630-4339-4607-a2b2-2155be4daa36,fashion,jewelry,87.23,2,0.1091,False,30,
f032ee64-2ebf-4bb4-9464-c443ecf0f840,fashion,clothing,176.33,2,0.138,False,30,
e3c4c54c-2ef2-4b2b-99e1-c852ed97606a,fashion,jewelry,178.68,2,0.1238,False,30,
448c00d9-bb37-4d75-9b15-059cadbbe9ec,fashion,jewelry,129.14,2,0.1081,False,10,
6694d04e-f249-424a-9ac8-321785fab765,fashion,accessories,286.6,3,0.1367,False,30,
12a4078d-2cf0-4cc3-8e8b-81164bd6bc36,home_deco,decorative_items,500.0,4,0.0617,False,0,
792e6236-b4df-48ec-88b2-cbe5dae1b977,home_deco,furniture,185.81,2,0.0754,False,10,
e0ffb940-62fa-4160-8b33-862185d0a3df,home_deco,furniture,500.0,4,0.095,False,30,
db8a1e67-35f0-4113-ad02-2fa07b0454b6,home_deco,decorative_items,276.24,3,0.0856,False,20,
f49368d1-cfc0-45fa-a42e-88387d7bb2af,home_deco,lighting,155.32,2,0.0528,False,0,
ca49b0dd-833f-4794-b58e-950d00f49c42,home_deco,lighting,201.06,3,0.062,False,10,
f963f3de-3b79-42e3-9e28-e41c63080ae8,home_deco,lighting,158.09,2,0.0617,True,20,
5a0d25aa-e5eb-45dd-a080-85a2b4dd4789,home_deco,decorative_items,270.0,3,0.0663,False,10,
8f06500d-6573-4d28-987d-6048eb315bd4,home_deco,furniture,237.83,3,0.0694,False,0,
0dff8e99-705b-4fb2-a58a-699c6e61e2bc,home_deco,decorative_items,142.64,2,0.0661,False,10,
a85f1c69-5fba-445b-b428-147263a31eb6,home_deco,lighting,238.34,3,0.04,False,0,
1969b790-c0eb-4db4-8de7-272da06f1a16,home_deco,decorative_items,280.7,3,0.1034,False,0,
47b5d147-4eed-4feb-a10f-8d192ad1a22e,home_deco,lighting,403.17,3,0.0704,False,20,
e776c305-fc0e-4a14-a3b7-d732b8371447,home_deco,furniture,179.47,2,0.019,False,0,
0bea7fb5-820d-45e6-92d4-fd642970766c,home_deco,furniture,363.8,3,0.0455,False,0,
7a05e5c0-34b2-4414-a3b7-e23e7d1e6477,home_deco,decorative_items,382.5,3,0.0449,False,30,
8bc9f2c8-a657-4150-b638-48082c15e7f3,home_deco,decorative_items,233.2,3,0.1081,False,20,
ce1e9395-8993-4b6f-9864-b64485966240,home_deco,decorative_items,365.13,3,0.0924,False,10,
710e26b5-588b-400f-ac74-601e1ee89913,home_deco,lighting,140.37,2,0.0748,False,0,
e4684aea-31c8-4c09-8a64-c3b881708878,home_deco,furniture,249.14,3,0.1123,False,0,
6ffefe55-b2d3-4a4a-a842-528b9407892a,home_deco,furniture,198.5,2,0.0542,False,0,
d70f1be9-1306-4a9d-b8e5-ad1d90b42125,home_deco,furniture,346.45,3,0.0633,False,30,
5f83b9aa-779f-4899-afee-47565d0dfccb,home_deco,lighting,241.48,3,0.0552,True,0,
cbba5c1d-9930-49a0-bd6a-3b633dbb404f,home_deco,decorative_items,500.0,4,0.0548,False,10,
dd23815e-b121-4363-b38a-f3cd149b5123,home_deco,decorative_items,158.15,2,0.0134,False,10,
08b99523-582f-4730-a71c-b95371cbc5c7,home_deco,decorative_items,181.44,2,0.0706,False,20,
098c5169-32e9-47eb-9802-946c9f72644d,home_deco,decorative_items,500.0,4,0.0582,False,10,
8e462ba6-0703-4d76-bf48-e16c0cf68d51,home_deco,lighting,351.81,3,0.0345,False,30,
48e5e7db-e001-407a-96e0-3f4175f8ae0c,home_deco,furniture,372.55,3,0.0578,False,30,
9bd1a8b7-c8ec-40f1-8f2d-ac0bdd790151,home_deco,furniture,221.98,3,0.0381,True,0,
ce7e0977-af71-4c05-b6cf-3316575160a2,home_deco,lighting,195.26,2,0.0761,False,0,
2099643f-bdfd-4316-b8fc-c6817398e2bc,home_deco,decorative_items,134.62,2,0.1054,True,0,
f6600837-5b82-4029-b809-db19330a2702,home_deco,furniture,309.69,3,0.0546,False,0,
e8233ed0-0388-4cf4-90eb-c031cbe72565,home_deco,furniture,341.18,3,0.1362,False,0,
0f4299f5-83c3-49b1-a93e-1a55a18f9715,home_deco,lighting,361.73,3,0.0605,True,0,
887aedfc-8cc8-49bc-8680-c10e2e3b07c2,home_deco,decorative_items,278.55,3,0.0238,False,0,
6a194d01-8a2e-4b33-a655-7f5d64e69e12,home_deco,decorative_items,281.96,3,0.0319,False,0,
b9fd3226-5183-494f-98c9-41d7885a957c,home_deco,decorative_items,371.9,3,0.1012,False,30,
0a46a853-08f4-4981-921a-f3b0dd9becd2,home_deco,furniture,297.68,3,0.0778,True,10,
e25e8ff3-a56d-41e4-b033-b2ab082aa424,home_deco,lighting,406.9,3,0.1696,False,0,
e117ce56-f430-475d-b2ac-47a14d2a3a82,home_deco,furniture,308.72,3,0.0527,False,30,
4274f524-6783-49ae-8011-0356e802725d,home_deco,decorative_items,139.91,2,0.0581,False,0,
ed4033b0-212a-424d-995c-7e61b9bad859,home_deco,furniture,208.7,3,0.061,True,20,
5580e6c0-3121-426b-aa83-af91a686b6ec,home_deco,lighting,146.22,2,0.0172,False,0,
57397194-aafa-454b-a77f-9d9738b93513,home_deco,decorative_items,217.44,3,0.0425,False,0,
dc9984af-d4f7-40df-a2e3-cca64ca8e217,home_deco,decorative_items,340.28,3,0.0355,False,0,
c93a6892-513b-46df-9175-c8eb855d866a,home_deco,lighting,171.63,2,0.0769,True,20,
2ac2c666-6ac8-46ef-a10b-2067de9555be,home_deco,lighting,252.33,3,0.0533,False,0,
a5313f66-1789-4c3c-8180-d57402fdb9e0,home_deco,lighting,500.0,4,0.0588,False,10,
eae1cff1-6bed-4ea0-9fcc-a133dd52c714,home_deco,decorative_items,202.16,3,0.0693,True,0,
fec00dfa-ebfa-4bea-bae9-19f901f5cebb,home_deco,lighting,257.48,3,0.1558,True,0,
1e433135-f157-4526-9885-f38116912dfa,home_deco,lighting,170.61,2,0.0809,False,0,
cf27aca8-80fc-475b-8249-4f65eb394f83,home_deco,furniture,165.17,2,0.0729,False,0,
97d9ab9b-6706-48cb-aa08-3ea02747a249,home_deco,furniture,208.09,3,0.0637,False,0,
c510ddc1-cf9f-40a8-a217-2e9ae91fd673,home_deco,lighting,182.91,2,0.0721,False,0,
98d8b46f-f719-4339-861a-40e1927c7ea4,home_deco,decorative_items,235.88,3,0.069,False,30,
52a65190-84ec-4a39-9ca8-8f5d99117fd4,home_deco,furniture,225.45,3,0.0334,False,30,
8ad7a626-551c-4910-affb-f85df1e03bdb,home_deco,furniture,256.41,3,0.0493,False,0,
14039ddb-07ae-490a-8796-53f93854aca5,home_deco,decorative_items,207.62,3,0.0985,False,0,
9111bfb9-aaaa-41de-a6fa-0e8cb2b4e56d,home_deco,lighting,213.01,3,0.0958,False,10,
5b7959ed-c2d9-4203-b3aa-83962c9e106f,home_deco,lighting,132.7,2,0.0534,False,10,
fde185b9-cbf6-410a-b679-86e965a4780f,home_deco,decorative_items,116.72,2,0.0409,False,0,
3ced39a1-6ebc-416a-9827-5fe22f0408ca,home_deco,furniture,128.64,2,0.0383,True,0,
81ae3dcd-13ea-441c-94c1-c54a8ed76a11,home_deco,decorative_items,376.46,3,0.1459,False,0,
9902e207-5a5d-4cba-a679-b8e7d6c3c1e0,home_deco,decorative_items,259.98,3,0.0546,False,30,
d854ae97-b6fe-4e39-9e7d-78cf5ff9c111,home_deco,lighting,500.0,4,0.1111,False,10,
e53ad409-bb31-4b89-a974-5c165d5f9124,home_deco,furniture,311.3,3,0.0908,False,10,
c9b5ea72-df3f-4d9d-9be7-c905d59431a9,home_deco,decorative_items,175.86,2,0.0644,False,0,
b277e8d5-c173-423f-b9a7-3abe76c64aa0,home_deco,decorative_items,388.83,3,0.0888,False,0,
cec3eb9e-4028-4147-ab8c-2da26ba5bddd,home_deco,decorative_items,282.8,3,0.0625,False,0,
37b7a8e2-792e-4559-af02-5e1e4704dc98,home_deco,lighting,219.4,3,0.027,False,20,
bc57e780-ba4e-48e8-baa3-058caae2e046,home_deco,furniture,181.05,2,0.0903,False,0,
64117af6-31d2-4c03-9035-62c7696b9252,home_deco,lighting,231.94,3,0.0664,False,20,
a5f180b6-18f6-4e2c-9bc9-8a39278965d8,home_deco,furniture,334.08,3,0.0311,False,20,
5fea88da-b40c-4288-9128-7b9706a79222,home_deco,decorative_items,371.64,3,0.0437,False,0,
ceea2271-d537-4c5e-9d51-9dbc1ee9cbb0,home_deco,decorative_items,135.32,2,0.0882,True,0,
1270dab8-062e-48df-bde2-6902d2f6ba4a,home_deco,lighting,149.43,2,0.1171,False,10,
b0b05eb3-0797-4a80-8d48-92fb5ee5a487,home_deco,lighting,249.57,3,0.1015,False,20,
9ae4d5c9-58f4-4355-aeb4-bf490ee86da2,home_deco,furniture,391.18,3,0.1009,False,0,
9b1a2ee4-1a45-4605-99f0-269cdff28ad2,home_deco,furniture,364.33,3,0.062,False,10,
fdf76a9f-86ea-4716-b3b8-cc41a0fbfc19,home_deco,lighting,215.89,3,0.0734,False,30,
73274ae2-eb3d-41a4-90e6-234759e82363,home_deco,lighting,377.15,3,0.038,False,0,
7b579b3b-d471-41e7-bd3f-a15c778b0fc2,home_deco,furniture,245.1,3,0.0492,False,0,
debd2fca-225d-4511-b1df-25ed40c64f27,home_deco,lighting,212.98,3,0.0501,False,30,
d2e5c829-b6ed-436d-bb00-ef617fc203bc,sports,sportswear,380.96,3,0.1077,False,30,
5e6daba2-cca1-4b53-bf4b-2c8faaad7fc3,sports,outdoor_gear,537.63,4,0.0969,False,0,
80b90286-c801-4ca1-a55f-94f590392a00,sports,outdoor_gear,224.83,3,0.058,False,0,
007453a1-7bd2-4168-969f-e25a2979b1c2,sports,fitness_equipment,424.35,3,0.0407,False,0,
e2b3d729-b7a3-4c9a-9c93-10848e1b27c0,sports,fitness_equipment,306.38,3,0.1037,True,0,
ec800ea9-44e3-4b53-9a16-81242823edb4,sports,sportswear,256.69,3,0.0587,False,10,
ae9aabd7-b7a8-4470-86e5-2db69d382483,sports,sportswear,113.62,2,0.0987,False,30,
677761e0-dc63-4b6f-bad1-e00f68037436,sports,fitness_equipment,305.6,3,0.1617,True,20,
bfc664b9-0e47-4954-8804-cb00f5aad070,sports,outdoor_gear,213.81,3,0.0521,False,0,
7b9a8ce6-9aaf-4935-ad2d-1f9f8f18a8a5,sports,fitness_equipment,264.84,3,0.1196,False,0,
e03aa92a-65c2-4cb2-8230-6231edd66cc7,sports,outdoor_gear,164.88,2,0.1219,False,0,
6bb98409-e979-4f9a-af6f-58af19b72759,sports,outdoor_gear,342.42,3,0.0885,False,30,
bee9bad0-f438-4be9-ad4f-8425f45cc36b,sports,sportswear,175.77,2,0.0578,False,0,
5db5f8cb-6b1d-405b-affa-3c8b886d5bbf,sports,sportswear,348.34,3,0.083,True,0,
0defe2c4-5c8e-41c4-90c4-169109f1fb0b,sports,outdoor_gear,357.34,3,0.1167,False,0,
fd1322a9-8d7c-403f-a973-536c5bb42949,sports,sportswear,314.81,3,0.0606,False,0,
57dbe976-cd12-4b31-aec0-86ea660e645a,sports,outdoor_gear,357.19,3,0.0885,False,0,
12fccfb0-f334-4249-a1c0-eda6590f0d06,sports,sportswear,185.68,2,0.1002,False,20,
4c8b4d66-6119-411f-9396-d4c014026c17,sports,fitness_equipment,419.96,3,0.1245,False,0,
c8d6a336-60a1-4606-81da-43f534839945,sports,sportswear,309.56,3,0.0656,True,30,
9c60a2a1-5a1e-40db-977e-c770e3c54118,sports,sportswear,432.96,3,0.0781,False,10,
a1faa008-c71b-4af0-95b6-328345209c5f,sports,outdoor_gear,237.32,3,0.1132,True,0,
7ef754eb-b1c3-4e5d-8393-b2f435b2bb8e,sports,sportswear,406.01,3,0.1024,False,0,
75de17d8-5831-4c1d-b4bf-99dd5915afdd,sports,outdoor_gear,214.2,3,0.1158,True,20,
3d1fb441-6d7f-4c76-8a0b-2747e6ae0f26,sports,outdoor_gear,421.36,3,0.0864,False,10,
bb3b3e0a-aa04-4e1e-98e1-b38769408ebe,sports,sportswear,298.42,3,0.0742,False,0,
59875a07-e50f-4484-9b38-928628978922,sports,sportswear,432.08,3,0.0804,False,30,
d41a01c5-40c5-4a0c-8c7d-390d6b2c44f3,sports,outdoor_gear,220.58,3,0.0997,False,0,
27e16f42-81e4-4960-895b-ea870575de13,sports,outdoor_gear,433.47,3,0.0581,False,0,
fa7e0681-6901-434a-9636-1f42f619bf12,sports,fitness_equipment,189.77,2,0.1217,False,0,
82e73d6c-c61b-48da-9f40-4cecd9484657,sports,sportswear,380.15,3,0.0646,True,30,
c5d40641-fc65-44f1-b8f3-69a7d4bab00a,sports,sportswear,363.26,3,0.0432,False,0,
6a6d56de-8f87-4396-b39e-eecd04e50f67,sports,fitness_equipment,174.73,2,0.0269,False,30,
25fd2191-bcee-4696-8a22-d1db6bfc3bd9,sports,outdoor_gear,399.27,3,0.0963,False,0,
23d07c71-526f-46f1-b58a-df3aa8ce31a9,sports,fitness_equipment,98.76,2,0.1486,False,0,
9e47ea44-cf11-47da-a540-f9d2f54f67b2,sports,fitness_equipment,501.09,4,0.0621,False,0,
a28264f3-7424-47be-aed6-c20a65fdcb9b,sports,sportswear,335.53,3,0.1132,False,0,
bb03321e-4a43-40f8-ad8f-a735ba6913b2,sports,sportswear,167.02,2,0.1191,False,30,
1b167919-71b8-46ae-8697-a5d41a131e9b,sports,sportswear,284.58,3,0.0631,True,0,
06465fdd-7b29-4247-98d5-4f1adf3dda34,sports,sportswear,215.84,3,0.0354,True,30,
8178694d-4424-41e9-929a-dd4374bb338c,sports,outdoor_gear,215.6,3,0.1069,False,0,
78f92f12-9a3d-4ca5-b763-df6bd7f17df6,sports,fitness_equipment,199.79,2,0.0761,True,20,
6d1b92b9-a4bb-492b-bc60-382914d99d59,sports,sportswear,243.89,3,0.1084,False,10,
0b98d5f2-6266-4505-b6f0-8196376e15fe,sports,outdoor_gear,351.33,3,0.0818,False,30,
7c523357-14b0-4bfb-9907-41f15f5be978,sports,outdoor_gear,460.06,3,0.0549,True,0,
fc9b1fbd-a1c4-4866-9b19-7d9104ab7bb7,sports,fitness_equipment,282.78,3,0.0783,False,20,
47e9ee2a-600d-4641-9e6a-3b6a6dfa34d7,sports,outdoor_gear,200.08,3,0.0478,False,10,
048d9eff-b452-4e08-8339-d84997b528bb,sports,sportswear,115.67,2,0.1116,False,0,
501c0f22-c0b7-4e69-b258-2a51d892b579,sports,fitness_equipment,281.01,3,0.0882,False,0,
80720fa7-265b-40d8-b417-9aea738480b9,sports,sportswear,261.89,3,0.13,False,10,
7c3ea8b5-bac1-4e5c-b56b-950b220d3149,sports,fitness_equipment,332.15,3,0.0333,False,10,
2184ed0f-b294-45fa-be77-c0f1f695159d,sports,outdoor_gear,350.52,3,0.1192,False,0,
da42d417-342c-4415-9e8f-2011f19182b6,sports,fitness_equipment,243.34,3,0.0916,False,10,
114f5d5a-69b0-4a67-9afc-640fe3ca3bac,sports,fitness_equipment,573.46,4,0.1043,False,0,
ae086bfa-7a19-47b7-a01e-72b64d0dc9d0,sports,sportswear,230.85,3,0.0932,False,0,
a2456d4b-5cbf-4f24-a625-8f6400e7fb64,sports,outdoor_gear,222.54,3,0.1463,False,20,
c40df0e1-1a47-4748-b259-31dc83e4e83b,sports,outdoor_gear,257.01,3,0.0481,False,30,
ef45cd86-7016-44cf-83e3-8fe1256a16cd,sports,fitness_equipment,317.22,3,0.0851,False,10,
cb513d3e-9343-402d-9ebe-e9ea43249a43,sports,outdoor_gear,196.3,2,0.0706,False,0,
b5ff517d-d76a-437a-8ae9-7c202475afda,sports,fitness_equipment,366.58,3,0.1364,False,0,
16174ef3-a950-44c4-924e-006d1d157fc4,sports,fitness_equipment,149.19,2,0.0906,False,0,
53a85bef-fe95-4bc6-ae82-74aa232ff866,sports,fitness_equipment,289.86,3,0.1067,False,10,
eec5a1cc-01c1-4c00-a8eb-a820ad4a46f9,sports,fitness_equipment,316.3,3,0.1251,False,20,
035a14f6-4891-4fb1-b71d-1380f7998b1c,sports,outdoor_gear,219.57,3,0.12,False,20,
808d9a50-d9ac-418e-8f46-76586cc13adb,sports,fitness_equipment,400.93,3,0.147,False,0,
de341596-854f-44ca-9615-eb6c00541391,sports,outdoor_gear,564.47,4,0.1011,False,30,
a50f878f-f1f9-4d90-bc45-cf6a8df0f744,sports,sportswear,335.81,3,0.1009,False,0,
7881c67e-8491-4461-a6c0-0fb6db0b8a7d,sports,fitness_equipment,520.6,4,0.1725,False,20,
778be289-f7ba-4afb-a5df-52c1d9b2dd38,sports,sportswear,300.94,3,0.0927,False,30,
4630f0a6-5171-418c-a120-828a4e0b9467,sports,outdoor_gear,338.2,3,0.1408,False,0,
5f549d0e-4d7f-49b9-9032-83e8704b2aa8,sports,sportswear,253.48,3,0.0781,False,0,
a24812fb-dfa8-403f-9005-430f935f45a4,sports,sportswear,414.46,3,0.0627,True,0,
abbb719b-1559-4277-9dee-0b54f15b5b69,beauty,skincare,81.16,2,0.1473,False,20,
dd11b3f1-c63c-48cc-86ed-4810168aec83,beauty,haircare,46.99,1,0.1735,False,10,
2b387d93-1325-418f-86c4-817407b05f68,beauty,makeup,84.4,2,0.1005,False,0,
45ae6d10-beea-4e45-bf1d-f25f7e85ec26,beauty,haircare,43.44,1,0.1453,False,10,
90d340f3-8ebf-4dd5-9f4d-5a5cde909ef7,beauty,haircare,150.0,2,0.1893,False,10,
cec5ab18-8467-4a98-82b1-431a237fdf86,beauty,makeup,75.5,2,0.2005,False,10,
67c717a9-b2e6-4143-be66-1a8d1736d76c,beauty,makeup,97.9,2,0.1127,False,0,
898947c0-6263-4e0f-89ad-c84bf49b0279,beauty,makeup,89.76,2,0.1688,False,20,
936d5f43-ca62-4bdd-b63f-fc6b4676d353,beauty,haircare,90.24,2,0.1532,False,0,
3654d71d-3697-4bb1-9149-845c4f7c13af,beauty,makeup,56.65,1,0.1247,False,10,
948d26ad-e4f5-431c-a7e0-d92ff4c24915,beauty,haircare,100.51,2,0.1322,True,20,
750f93ae-69ee-4a6b-91d0-f0eaf7a3bbfe,beauty,haircare,49.2,1,0.1723,True,0,
aa66398a-78d3-4ec9-8422-bdf70ff9b615,beauty,makeup,73.13,1,0.1189,False,30,
61a722be-baf2-4452-9de0-1077e7a8004a,beauty,haircare,61.8,1,0.1181,True,30,
44a85bd6-c69d-4689-b778-4eef9173b9e9,beauty,skincare,66.2,1,0.1503,True,0,
3d0df497-161e-453f-a41f-b5576c13f8ac,beauty,makeup,45.01,1,0.1009,False,0,
e49f3dd8-46e2-4739-ad47-00017a94df72,beauty,makeup,43.92,1,0.0723,False,20,
3f8e84f8-f2c8-44a4-bcf8-b6c040945cb7,beauty,skincare,71.26,1,0.1407,False,30,
206979a6-fbcd-4d64-af16-fa83d1313d78,beauty,skincare,150.0,2,0.1311,False,0,
1309f0fe-1225-4e1f-8d35-10d5e7f3ce96,beauty,haircare,120.1,2,0.1624,False,0,
fdfb675a-5d3b-4ad5-bd7d-f535b0af132a,beauty,makeup,73.41,1,0.1513,True,0,
af477141-290a-4787-adc0-c86bbd514345,beauty,makeup,150.0,2,0.0704,False,0,
163f503e-0887-46e7-a9e6-2a4c754f5b39,beauty,makeup,56.34,1,0.1495,False,0,
f6c54102-5ddf-4dff-a689-536a887f119f,beauty,haircare,41.69,1,0.1532,False,10,
a19181d7-f53f-428f-b8f6-ffa0247d5030,beauty,skincare,96.13,2,0.1718,False,20,
b332d157-0416-461f-a754-ebb222c1b003,beauty,makeup,139.68,2,0.1407,False,0,
59bc434c-d48d-491d-9b8f-d2818816a48c,beauty,makeup,72.23,1,0.1637,True,0,
91a89ce0-0633-410f-a5b2-45b1f4733277,beauty,skincare,63.2,1,0.0968,False,0,
3de117d3-0323-4aa6-bec7-7c495cc19888,beauty,skincare,79.26,2,0.1213,False,0,
83d2896f-8c72-4ca9-bb18-7317c5654d7a,beauty,skincare,79.92,2,0.1447,False,30,
2a09e6b7-1a60-4722-bba4-ecd1b9ee98f4,beauty,makeup,103.48,2,0.138,False,30,
65cc2948-c018-42b6-9e40-d6bdfd1c5043,beauty,makeup,53.71,1,0.1261,False,20,
4bb458f5-dbf9-493b-b490-dd92cb301269,beauty,makeup,94.52,2,0.1752,False,0,
ab21fd83-5945-4bbb-8595-49205d659d5e,beauty,makeup,27.77,1,0.1568,False,0,
75998607-c7fe-4ddc-b497-9fd3459de90d,beauty,haircare,65.15,1,0.1119,False,20,
03911c63-32be-40bd-8710-12bcf1e737ab,beauty,haircare,106.01,2,0.1163,False,0,
679da44c-b332-42db-bf91-c4e6fc7ec83e,beauty,haircare,74.45,1,0.1652,False,0,
d9e1acfd-36e6-454a-9927-0cdc6d38cb06,beauty,haircare,50.58,1,0.1746,False,0,
5b4aba47-6cd2-44d6-8a58-7d99016dcaa6,beauty,haircare,46.54,1,0.1216,False,0,
f714dbff-3e99-41fa-ada5-c125aa7f1e4e,beauty,skincare,66.36,1,0.1673,False,0,
c12b5051-5e11-43fc-b9f0-fa845edf60b7,beauty,skincare,59.57,1,0.1118,False,0,
f1c4f1ad-508f-4006-8462-11adf383b34e,beauty,haircare,65.68,1,0.12,False,30,
d1d84cac-00e0-4e60-9450-499216df7550,beauty,skincare,107.45,2,0.1196,False,0,
228d8170-1e04-458b-ac73-0396f7408adf,beauty,makeup,118.84,2,0.1627,False,0,
55837ebe-e562-47da-8b67-3f9d4517ca2d,beauty,makeup,74.63,1,0.1221,True,30,
24003627-6ec6-4713-a845-4b75d02572ab,beauty,haircare,82.72,2,0.1521,False,10,
5438fce5-e25e-4a23-abd6-5c018667b3c9,beauty,makeup,150.0,2,0.1037,False,30,
3cab1935-7b67-4bee-8c36-7ac5ad6eb21f,beauty,haircare,74.37,1,0.1328,False,0,
e8159212-5a07-4f97-b10c-b9d8fa72a344,beauty,haircare,92.4,2,0.0915,False,30,
c509319f-6626-4295-9b63-7f58e26f2970,beauty,skincare,86.95,2,0.1444,True,0,
78b1289d-d925-4c32-86a1-fa78acaf7f9a,beauty,makeup,90.38,2,0.141,True,10,
8e5e1b9b-0a26-49e6-990b-b7070b372a8d,beauty,makeup,63.87,1,0.1404,False,30,
54e5e6d1-fcf1-4902-9204-41d23c83dc9f,beauty,haircare,51.03,1,0.1788,False,0,
ceaca03e-8fe3-484f-9f98-16cf98547bc2,beauty,skincare,77.78,2,0.1207,False,0,
7a777c18-18e6-473d-989c-4ccb1bb31bed,beauty,skincare,54.61,1,0.1626,False,0,
8dd92224-4559-4640-aad6-977f510cdeb3,beauty,makeup,95.07,2,0.1666,False,10,
200c524c-5a8b-4251-85f4-577e69c173e4,beauty,skincare,47.57,1,0.0883,False,0,
2d54ec14-c11b-449b-bded-aaa908912c5e,beauty,haircare,46.72,1,0.1612,False,10,
8166606f-0c13-4cb9-b71d-66806ddd4a01,beauty,haircare,82.07,2,0.1226,False,0,
feaf418b-1b75-4d98-acb3-aea1971f8bf3,beauty,makeup,121.53,2,0.1259,False,0,
a5bc4f7b-577b-4964-b71e-3f927b686e0e,books,fiction,26.03,1,0.0191,False,0,
5ca20ac1-1ab0-4b2e-b710-1de2ef0f1d89,books,fiction,16.1,0,0.0335,False,0,
28e571e4-214f-4f18-9203-084520488f23,books,fiction,36.19,1,0.1018,False,0,
b4580075-fc26-41a3-a7ca-069395d75dd3,books,non-fiction,34.56,1,0.0694,False,20,
067b1a37-536f-4e04-a922-44d2e45dd00a,books,children_books,42.02,1,0.089,False,10,
d7e231e6-e169-4a58-9387-af3859987708,books,fiction,28.48,1,0.071,True,20,
2dd3929f-a35b-4754-beb3-cb05a5413b70,books,fiction,17.48,0,0.1522,False,30,
9e95e95e-4a3d-4aec-a680-6e73ddeebb53,books,children_books,28.82,1,0.0491,False,30,
bc793dde-3ae1-43be-9ab9-032d2e32355d,books,fiction,36.66,1,0.0664,False,0,
801a6a96-a557-433a-b193-b9d161813344,books,children_books,27.63,1,0.1084,False,0,
5f897cf1-3c24-4172-9283-29083b729641,books,fiction,26.86,1,0.0672,False,0,
73ca60a6-308f-4b27-a010-76104d0e74c8,books,non-fiction,23.52,0,0.098,False,30,
8e92c6f1-628d-404d-9e19-88bd57a74727,books,fiction,15.3,0,0.0825,False,0,
88e8d75d-34f7-41b6-acc7-785849c21ffc,books,non-fiction,29.86,1,0.0498,False,10,
877c9f0b-56e8-4f10-9cf8-1dac6882d5d5,books,children_books,45.0,1,0.0387,False,10,
4e9642a3-8f8c-4aab-9405-5ab367a8a1f7,books,fiction,18.36,0,0.0291,False,20,
7f71a3b3-18de-4d44-a83a-29d030317b0c,books,children_books,25.32,1,0.071,True,0,
0dfd170d-afcd-428c-b12a-476f07a1ed5c,books,fiction,15.74,0,0.0865,True,30,
f643de4a-7681-4afc-a3ee-0330192d2c9a,books,children_books,45.0,1,0.1427,True,30,
aca61b94-d1ac-4ecf-beae-88bbf8720bf3,books,non-fiction,15.4,0,0.038,False,20,
bf7ca7ce-04bc-45d7-a9e5-518f83af1814,books,non-fiction,24.91,0,0.01,False,20,
548b0fbf-fab6-475a-ab72-7983a23eed4e,books,children_books,17.32,0,0.0379,False,0,
5b61cf32-3770-4725-976d-298f4dfa3471,books,fiction,40.85,1,0.0558,False,0,
56dc1fd3-bc90-4933-868b-56ede1f4645a,books,non-fiction,33.07,1,0.0945,False,20,
fc22813e-d7ff-4632-ac5c-26a3e897dce2,books,fiction,45.0,1,0.0776,False,30,
01b4f693-a774-4b84-80be-1846e5b29457,books,fiction,14.8,0,0.0328,False,0,
42e7e21d-9aef-4be4-8d16-aa9e4396c99e,books,children_books,28.26,1,0.0558,False,0,
e80d40cf-1502-4839-9c0d-61d5d84417a3,books,non-fiction,22.42,0,0.0491,False,20,
ebaac25e-652e-4e46-8370-2befde7ef253,books,children_books,33.57,1,0.0573,True,10,
2decd427-b7e9-44e2-b78c-85608e5f96c2,books,fiction,43.0,1,0.0453,True,0,
27438034-53ed-4553-ac61-86971261b6e9,books,children_books,19.48,0,0.0788,True,10,
d8d06e43-fc02-4152-84f8-11852d4a7854,books,children_books,24.45,0,0.0499,False,0,
5c2bb6ec-77e6-4a6d-8e69-e8083e2a80e7,books,children_books,22.55,0,0.0921,True,0,
d33901c4-d5ab-4bfe-b1ae-f3a3e3cc87fd,books,non-fiction,33.62,1,0.0526,False,30,
77803fc6-af50-4a36-95be-6c59ca399878,books,fiction,20.73,0,0.0879,False,30,
89862046-e7e9-42d3-abb8-3e352f03a057,books,children_books,21.08,0,0.0691,False,0,
1abec11f-4f89-4bbf-8fb4-06338ea3cc06,books,children_books,31.8,1,0.0743,True,0,
f103c7a0-2811-4f23-b490-63bc2768ade2,books,fiction,20.67,0,0.0256,False,0,
8aabb737-99ce-4762-85be-1a0c98625d57,books,fiction,45.0,1,0.148,False,0,
a8d9be75-e575-4682-939e-8e528e4c5dae,books,children_books,28.5,1,0.092,False,0,
3bdf76d1-065b-4a2d-b8e4-c683bbbb1340,books,non-fiction,26.79,1,0.0359,False,10,
8332c5ac-7b4a-4578-89ad-8e4873a64e8b,books,fiction,19.66,0,0.0458,False,20,
5e48bf87-8ddf-48a4-8824-785966f4408b,books,fiction,30.06,1,0.0154,False,20,
aad62fef-528a-466f-b260-44e94ef0c32d,books,non-fiction,45.0,1,0.0554,False,0,
43196c79-c0ab-40a4-80b7-a5523aa4b033,books,non-fiction,27.37,1,0.0311,False,10,
badf4f23-57fb-4c4a-ad1d-621f5afe5ca5,books,fiction,32.37,1,0.0526,False,0,
47a54c78-ef16-45b2-8eb3-2abce265c4d0,books,fiction,28.3,1,0.06,False,0,
eb0980d6-c6ac-406d-bb7a-7414c4746384,books,non-fiction,34.6,1,0.0192,False,0,
7be9ca67-649a-496d-9094-377832ad9831,books,non-fiction,45.0,1,0.0435,False,0,
5f2add18-af15-4de2-9fbc-c842b0c99db7,books,non-fiction,28.27,1,0.0467,False,30,
a5db50dd-3e7f-43a6-9c5c-d7f32e6107fd,books,fiction,38.16,1,0.0392,False,0,
83846346-6149-439c-a234-033aa694b1e9,books,non-fiction,25.84,1,0.0328,False,30,
3c59e75c-f1c4-437e-aa65-7035e206a7fb,books,non-fiction,43.73,1,0.0526,False,30,
0347c5fb-4d52-4a1a-9181-cd3860ac3983,books,non-fiction,45.0,1,0.054,False,20,
35f91cf0-7897-44e8-8ad4-94a3d9bc41d3,food_gourmet,snacks,42.71,1,0.1584,False,10,
bd523f16-e8bd-4feb-83fd-3ccb459307e5,food_gourmet,beverages,74.49,1,0.1618,False,10,
3943ef5f-79ac-443b-8906-9b907fdfa452,food_gourmet,beverages,20.32,0,0.1173,True,10,
ee7e0088-163f-479b-9a0b-bcb67cbfc069,food_gourmet,snacks,44.41,1,0.1203,False,0,
236f10c6-a289-4a9f-91f6-eabad4fa239e,food_gourmet,snacks,71.77,1,0.1284,False,20,
b31964e6-21b3-4198-948c-2f5c06832338,food_gourmet,beverages,57.18,1,0.1355,True,0,
c7c3a5c4-2b97-45cd-bd36-394921bc8e13,food_gourmet,snacks,34.59,1,0.1599,False,10,
5d7f4b54-6149-4e14-8baa-9ce8a64fdf1c,food_gourmet,snacks,31.15,1,0.1077,False,20,
4c61c1fd-e809-4192-b57e-8c646108f7c2,food_gourmet,snacks,26.52,1,0.1153,False,0,
1dc1c95d-658b-40a9-8cfe-598ec672f601,food_gourmet,beverages,40.06,1,0.108,False,30,
4eef8e5b-d1a0-4a3c-bb4a-45e89ebaca90,food_gourmet,snacks,30.11,1,0.0984,True,10,
e727d37d-4e83-4d0d-90bc-6165005b0a8e,food_gourmet,gourmet_foods,51.38,1,0.1063,False,0,
38110c44-db1d-4a71-b3bf-d4b679c7e149,food_gourmet,snacks,35.39,1,0.0773,False,20,
6735a27a-2996-4410-9b19-9c1707315a6b,food_gourmet,snacks,23.27,0,0.1409,False,0,
9c7ea4cc-50ed-4c42-810c-9a994a1cb810,food_gourmet,snacks,49.75,1,0.1605,False,10,
285a64d8-f524-4ee9-a5af-8a1db87aac73,food_gourmet,gourmet_foods,59.56,1,0.1416,False,20,
11c2ba39-6226-43a5-8b5e-f58a70fcadad,food_gourmet,snacks,80.0,2,0.0667,False,0,
a9f50aca-6b3e-464f-9569-473bb83b67b0,food_gourmet,snacks,36.85,1,0.0466,False,10,
2c4c643b-e3c3-4ea7-aa03-ee30a97086d6,food_gourmet,snacks,49.16,1,0.1471,False,0,
b5fef95d-a5f1-4988-8c00-4153ffc3f5c0,food_gourmet,snacks,63.87,1,0.1471,False,0,
51b84323-e128-4713-b366-49d0e014d7a3,food_gourmet,beverages,35.17,1,0.1149,False,0,
df6dfbd1-53e8-498c-b19e-ba67baf00b99,food_gourmet,gourmet_foods,56.63,1,0.0741,False,30,
e08d04a1-2f60-45de-93a4-02bae66b8d81,food_gourmet,snacks,64.01,1,0.0788,True,0,
939e8c48-b92d-4dbc-97b0-412422e71284,food_gourmet,beverages,38.27,1,0.1529,True,0,
c9541326-f47e-4bd7-82d0-ba22ea43f582,food_gourmet,gourmet_foods,67.85,1,0.1156,True,0,
9589e6b7-fc96-4f7d-b850-89ac629979d5,food_gourmet,beverages,56.42,1,0.1102,False,20,
d6d9a20c-2b28-4b12-8f11-720e3678d973,food_gourmet,gourmet_foods,70.51,1,0.0809,False,0,
1c348ff8-4db9-49e5-97e3-8c72fd0907c7,food_gourmet,beverages,29.29,1,0.1561,False,0,
c93cefb3-35b2-4dad-9aac-ca89a37ef609,food_gourmet,beverages,22.93,0,0.1556,True,30,
2b7fd15a-4946-495a-9f81-51eff5d545e6,food_gourmet,beverages,47.28,1,0.1205,False,0,
66b86c07-6d35-417f-8ecb-d4ba8c0e71d8,food_gourmet,gourmet_foods,38.13,1,0.1223,False,10,
978fbb3b-d0fe-44ea-8948-5c902c5bf89a,food_gourmet,snacks,31.15,1,0.1475,False,0,
dbbe6147-3b53-45c1-a30b-979e718668eb,food_gourmet,beverages,53.08,1,0.1029,False,0,
29902da6-4243-4978-b5d5-db5da646f94c,food_gourmet,gourmet_foods,42.57,1,0.1316,False,0,
0875d7a4-a733-4167-9ddc-dec5c7550a7a,food_gourmet,beverages,79.43,2,0.1161,False,0,
84c72509-eb8e-464d-a289-c1cbccd6b57e,food_gourmet,beverages,29.65,1,0.1395,False,10,
ffb5324c-7d1b-48da-9916-eddfeb59592d,food_gourmet,gourmet_foods,66.26,1,0.0879,False,20,
d53748fd-5c7f-41bc-b925-600378521ebe,food_gourmet,beverages,38.55,1,0.1101,False,0,
b6b0cf8d-6c8c-4767-9b11-a0f36fde10e9,food_gourmet,snacks,80.0,2,0.1326,False,30,
89cff774-2a33-4ad5-afe8-15cc802310b6,food_gourmet,gourmet_foods,26.18,1,0.069,False,0,
e42e4391-0127-4b0f-81c8-beebdeb0d19a,food_gourmet,snacks,58.32,1,0.0976,False,0,
e49c779c-cd00-4c42-af7c-889c1bbb1893,food_gourmet,snacks,25.96,1,0.0871,False,10,
9b78061b-1c63-46b3-b911-f16777e2fdd7,food_gourmet,gourmet_foods,43.49,1,0.1082,False,20,
2a5b85ad-7f2c-4da7-a034-2fb1b530e186,food_gourmet,beverages,24.81,0,0.1742,False,20,
3152a757-6f27-4d18-b383-4910044c779b,food_gourmet,beverages,53.13,1,0.1037,False,0,
c2154fae-a2ef-4dd0-b21c-3e56ed88e657,food_gourmet,snacks,52.38,1,0.1044,False,30,
af3bf8f3-fe7b-474a-8f94-cc6862af1fe2,food_gourmet,gourmet_foods,40.23,1,0.1638,False,20,
21a09b23-40a6-4e65-b68d-1d7c20f0528a,food_gourmet,gourmet_foods,72.65,1,0.1851,False,0,
b9590cbd-d98e-48a9-803c-29ffc8917daa,toys_games,action_figures,167.69,2,0.125,False,0,
fca54b96-7c69-4743-ae84-dba884e67249,toys_games,board_games,95.57,2,0.0744,False,30,
72de88af-5237-48e5-a9b6-89522649c833,toys_games,action_figures,101.19,2,0.1071,False,0,
4c800b7f-59ca-49d0-9c1e-6bf610d539eb,toys_games,board_games,134.44,2,0.1207,False,0,
57bb2b36-0c6b-4ab2-855a-7d3b8e12e10e,toys_games,action_figures,135.11,2,0.1314,False,30,
1fa464eb-5a7f-4b12-a9c3-6f1df75436f3,toys_games,puzzles,77.79,2,0.117,False,0,
21067438-d949-4c2c-900e-f720d13a1d33,toys_games,action_figures,172.99,2,0.0948,False,0,
c99f281c-1bed-46a2-9384-1be0c8382e1f,toys_games,board_games,151.26,2,0.0659,False,10,
5177800e-1b78-4098-ab51-6515667238fa,toys_games,board_games,115.18,2,0.15,False,20,
59614248-7b96-4534-9c6c-200e5a2d3917,toys_games,action_figures,143.65,2,0.0909,False,20,
65a23df7-3730-4bda-ac4b-0c287e9a217b,toys_games,action_figures,63.96,1,0.1178,False,20,
b9b40457-ed6b-4eb9-a234-76811e03acd0,toys_games,puzzles,78.78,2,0.1209,False,10,
04b78bdd-ebe4-4931-9ab3-0d528d83420b,toys_games,puzzles,119.24,2,0.0929,False,0,
7290b68c-dad2-4d88-876e-1d7a9779ef33,toys_games,board_games,178.66,2,0.1447,False,20,
f5460b43-2bac-4772-a728-486193d198f1,toys_games,action_figures,188.79,2,0.081,False,0,
bab2db50-8a8f-42d5-ae30-8330f0a229ad,toys_games,puzzles,43.14,1,0.0929,False,0,
8540ed03-e565-40bf-9c60-229ef3561588,toys_games,puzzles,71.97,1,0.1173,False,10,
a273d8ea-1509-4b1f-8ffc-19bf97b9943d,toys_games,puzzles,113.58,2,0.0969,False,0,
9bcf0e1b-fbb5-488c-9789-9fc2f1f5827d,toys_games,action_figures,135.59,2,0.1353,False,30,
e83e2a3f-05b4-42f6-b8d1-c4d20db1ec6a,toys_games,board_games,74.51,1,0.1436,False,30,
5c65625a-b9e8-4e86-95da-15dc3996c79a,toys_games,board_games,143.85,2,0.1294,True,30,
168e5e3f-16cf-413c-aedb-5005ec922929,toys_games,board_games,90.25,2,0.0807,False,30,
37b50d85-6228-47ca-9aaf-09f83c1341c5,toys_games,action_figures,193.59,2,0.0715,True,0,
2a21cfc3-c748-412c-8432-0cbaa1eee5ef,toys_games,action_figures,97.86,2,0.0671,False,0,
b3158922-db45-432b-b597-91bed3b28c10,toys_games,board_games,109.1,2,0.0979,False,0,
0225364b-725a-45cc-bbf5-fe25b8d072d0,toys_games,action_figures,131.27,2,0.1006,False,0,
1e8051dd-d246-48e4-a3c2-57fc1d45376c,toys_games,puzzles,69.07,1,0.0973,True,0,
09196e8c-1f90-40f2-8fcd-bf404be1570a,toys_games,board_games,104.72,2,0.0923,False,20,
526c600e-cc59-4c0b-9728-b8f402b50f81,toys_games,puzzles,88.32,2,0.0986,False,20,
9714f4b7-c861-4aae-bb7e-f3e7e2950b60,toys_games,board_games,94.37,2,0.0952,True,10,
0eab8afc-697f-4057-99ca-7f2d35a19051,toys_games,action_figures,113.93,2,0.1255,False,0,
af3316c5-f0f6-40fa-9801-bc92162894a5,toys_games,board_games,169.97,2,0.1765,False,0,
64e5d0fd-5697-4b2a-ab7a-75bdd4072172,toys_games,puzzles,67.05,1,0.1068,False,0,
09cd81f9-38e7-4833-a570-390a656fb737,toys_games,board_games,44.24,1,0.1156,False,20,
3d3e1d3b-351b-449e-9097-b8d0da0a3cf1,toys_games,action_figures,59.04,1,0.1144,False,0,
a84b3c36-56bb-4911-86d9-1f246a6d9f90,toys_games,puzzles,138.51,2,0.0501,False,0,
2c1708aa-52b4-4d0c-945e-afacca518265,toys_games,puzzles,148.22,2,0.1153,False,0,
9e123e0a-87e6-46ef-9607-7005feb08357,toys_games,action_figures,117.68,2,0.0645,False,0,
d9d1fac6-5d3f-4ac8-b2eb-cc2dedcdce70,toys_games,puzzles,76.44,2,0.1203,False,30,
49d8c0b1-de84-435d-b0b1-5d263c1505e2,toys_games,puzzles,93.08,2,0.1049,False,0,
90a6b840-42e3-4125-ae97-6f6409aecbfa,toys_games,board_games,166.25,2,0.107,False,0,
9efbec91-e0e6-4276-976b-97ce5de484ee,toys_games,board_games,54.85,1,0.1398,False,20,
